text,label,notes
"This time I know I shouldn't build an emotional relationship to the characters and then completely get wrecked at the end. But from first glance I liked the vibes of David Lucy and Rebecca more.",reaction,Anticipatory dread plus emotional preference. No argument.
"Animator Spotlight: Yutaka Nakamura — one of the greatest animators of ALL TIME. A living legend still putting out animation highlights even after being almost 60 years old.",hot_take,Bold superlative claim with no supporting evidence. Pure assertion.
"The last movie came out in 2013 and ended on one of the most insane cliffhangers in all of anime. This movie was first teased in 2015 and it's been 11 years and it's finally coming out.",reaction,Contextual hype post. Providing background to explain anticipation — emotional framing not argument.
"Giving Sasaran the same voice actor as Kurotsuchi from Bleach is 10/10 casting because listening to him adds my anger. My god that cliffhanger is criminal! The production has been brilliant from start to finish.",reaction,Emotional episode response. Mentions production quality in service of expressing how it hit not building argument.
"A fantastic episode but man why couldn't they do one more episode. The animation was stunning. Overall I am glad Witch Hat got the quality of animation it deserved.",reaction,Long emotionally driven finale reaction. Primary purpose is expressing feelings about the episode.
"Season 2 was so well animated. Like you can see that the budget was bloated by the gacha players of the game lmao",hot_take,Asserting source of budget without evidence. Bold claim stated as fact.
"This show was a lot better than I thought it would be.",reaction,Pure reaction no argument or evidence at all.
"This episode had me in tears.",reaction,Textbook reaction. One sentence pure emotion.
"It suffers from the same labeling as UmaMusume where people just label it as gacha promotion and don't even give it a chance. Priconnect is just a goofy and sweet anime most of the time so it does not have that sticking power.",analysis,Draws specific comparison (Priconnect vs UmaMusume) identifies structural reason for different reception. Real argumentative work.
"The founder was one of the co-founders of Madhouse. That allowed him to attract talent easily because of connections and reputation. By contrast Kyoto Animation spent the first 20 years mostly as a contractor before they did their own anime project.",analysis,Specific historical comparison between two studios with causal claim. Verifiable and evidence-based.
"Man being a Bleach fan has never felt so good. Waiting a decade for TYBW to just be so peak is like winning the lottery.",reaction,Pure fan excitement. No argument.
"This might be one of my favorite TYBW visuals so far. The atmosphere feels completely different from the earlier cours. The Calamity could end up being the strongest part of the adaptation.",reaction,Visual reaction plus speculation. Feeling-driven not an argument. Edge case.
"It's unfortunate that the Aura Monster memes distract people from how well written the stair climb is. Subaru has never had that expression — a wrathful grin — outside literally being possessed. The entire scene is deeply pitiful and dramatically ironic.",analysis,Identifies specific visual detail (expression tied to possession) names a technique (dramatic irony) explains why the scene works structurally.
"A cup caused countless deaths in Typhon's story and basically all the deaths that Subaru suffered — amazing use of the butterfly effect. The author tweeted that Subaru's mom wasn't even going to ask him to wash the cup.",analysis,Traces specific narrative device (butterfly effect) with external sourcing (author tweet). Real argumentative work.
"Holy shit what a bloodbath. I felt my heart drop when I saw Ram slumped over that wheelchair. I've never really understood why Re:ZERO is seldom brought up during discussions on the best horror anime.",reaction,Starts as pure reaction then transitions into mild hot take. Primary purpose is emotional response. Edge case.
"I do have to wonder how this adaptation will go. When you create a weekly show you have to be economical. When you have a huge amount of source material things end up getting cut. Blade of the Immortal still breaks my heart.",analysis,Lays out structural tension in adaptation strategy. References specific example (Blade of the Immortal). Genuine analytical framework.
"It's a bit of a shame because the old direction made Chainsaw Man stand out quite a bit from the rest of anime.",hot_take,Short assertive opinion with no supporting evidence. Classic hot take.
"A lot of people don't know this but many animators and directors were not happy with S1. Ryu Nakayama's adamant nature of not allowing different art styles made workload almost double. Even star animators like Riki Matsura were busy correcting drawings.",analysis,Names specific director specific production practice and specific animator affected. Verifiable industry information used to argue why S1 had production issues.
"Just finished watching Dr. Stone for the first time. I love the overall narrative of modern day civilization being rebuilt from scratch. It's a great story for learning about science.",reaction,First-time viewer reaction post. Warm and descriptive but no argument — expressing love for the show.
"Time travel is not possible under our current understanding of physics but the Medusa doesn't obey those laws. The ending shows that the process of science continues into the unknown. Senku even makes a tech tree diagram for it.",analysis,Responds to critique by building logical counterargument tied to established in-universe rules. Structured reasoning with specific evidence.
"That feeling when Iruma never brought up his birthday before because his awful parents never let him know how important it was. That feeling when demons gave Iruma a far better birthday than any human ever had.",reaction,That feeling when structure is classic emotional reaction format. Pure emotional resonance no argument.
"Today is my bday but work had me bummed out. I needed this ep.",reaction,Personal emotional moment tied to the episode. Pure reaction.
"He is a direct verbal communicator and she is a nonverbal indirect communicator. They already misunderstand each other constantly. In reality only about 5% of high school relationships survive through college. Only 2% survive to marriage.",analysis,Cites real statistics and names specific communication style incompatibilities. Structured argument with verifiable claims.
"Fern x Stark. They only like each other because who else they gonna date? Their dating years are being spent on a ten year journey always on the move. There's zero chemistry. They act more like coworkers than anything else.",hot_take,Bold opinion stated without evidence. Zero chemistry is assertion not supported by scene references.
"Hot take but I think Itsuomi and Yuki probably wouldn't last irl. It feels like puppy love and prime honeymoon period. Like it's still all surface level but they're acting like a seasoned couple.",hot_take,Self-labeled hot take. Opinion stated with minimal supporting argument — feels like and surface level are impressions not evidence.
"A part of me wants to say Hori and Miyamura because I think the two of them are genuinely in love but are too different to make it work long term if Miyamura becomes a more confident/less passive guy.",hot_take,Short opinion with conditional claim. No real argument built — just a feeling about character compatibility.
"HOT TAKE: when an anime makes a sequel with characters in the future and all of them having kids it turns out bad. First Orochimaru is walking around freely. Apparently Boruto had 6 kids and Naruto is trapped in a dimension.",hot_take,Self-labeled hot take. Examples given but used as venting not structured argument.
"I watched Infinity Castle in cinema and was really hyped. But I didn't really enjoy it that much. The whole movie has 3 major fights two of them were too quick and the main one was very repetitive.",hot_take,Self-aware hot take. States contrarian opinion with light supporting reasoning but doesn't build a real argument.
"I liked Infinity Castle because it was perfectly within my expectations of what would be covered and how Ufotable executed the adaptation which is consistently pretty good.",reaction,Short personal reaction. Expresses satisfaction without making an argument.
"Fire Force really won the lottery when it comes to adaptations.",hot_take,Bold assertion with no supporting evidence. Single sentence opinion.
"People usually agree that the first arc with Hibana is the worst arc. Sound quality is a solid S tier for this anime. DP really loves their Bass Noises. All around this anime deserves more attention.",hot_take,Series of assertions about arc quality and sound design without supporting evidence.
"It's honestly not that good from an objective standpoint. Weird pacing cliche tropes distracting fan service and a mediocre story. Subjectively I like it cause the potential is pretty cool.",hot_take,Lists criticisms but doesn't develop any into an argument. From an objective standpoint is asserted not demonstrated.
"S3 had the best arc — Bakugo rescue arc in MHA. But the provisional exam arc was so bad I have to put it below S2. The provisional exam arc started the downfall of MHA anime quality.",hot_take,Ranking opinion stated as fact. No argument for why provisional exam arc caused a downfall.
"All Might vs All for One arc was peak shounen at the time it came out. It's been downhill since.",hot_take,Two-sentence bold opinion. Classic hot take with no supporting reasoning.
"Just finished Solo Leveling S1. This is the first time I can honestly say I don't get the hype. The supporting cast blows big time — never seen such an uninteresting bunch of throw-away characters. This is S1/S2 Inuyasha villain level of I don't care.",analysis,Long structured breakdown with specific categories — supporting cast character development story setting world building. Makes specific claims with reasoning. Genuine analytical effort.
"Solo Leveling isn't a masterpiece. Hell the whole ant arc is stolen from Hunter x Hunter. However it has some of the best animation of the season and it's a fun watch.",hot_take,Makes plagiarism claim without evidence and contradicts itself. Short opinion without structured argument.
"Solo Leveling anime is a greatest hits compilation of the manhwa. It wants to get viewers to the cool stuff with no brakes. It's a battle anime that does the one thing it has to do right: the animation.",analysis,Specific argument about Solo Leveling's intentional design (speed over depth) defended as valid creative choice. Uses fast-food metaphor as coherent framework.
"I think villains like Stain and Gentle are among the most interesting characters but I don't really care about the League of Villains that much.",hot_take,Short preference statement with no supporting reasoning. Pure assertion.
"I'm in the minority but I stopped watching because I didn't have interest in the overarching war. I only care about 5 people in class A because we didn't get to know everyone else. I wanted more tournaments quirk theory class bonding and less chosen-one stuff.",analysis,Identifies structural shift in show's focus explains specifically what changed and names what was lost. Genuine argument about narrative design.
"It's a rule of Reddit that every time a post starts with hot take it will actually contain the coldest take known to man.",hot_take,Meta-commentary stated as fact. Bold assertion with no argument.
"Stop making anime so faithful to the source material. Osamu Dezaki arguably the greatest anime director ever basically never adapted anything 1:1 because he had his vision. The best example was when he combined two characters together to create one larger character present throughout the entire story.",analysis,Names specific director (Dezaki) specific technique (combining characters) to support broader argument about adaptation philosophy. Structured and evidence-backed.
"The Monogatari Series is one of the most overrated animes in existence. 90% of the dialogue has no purpose. Bunny-Girl Senpai has tackled similar topics but executed way better. Monogatari's pace kills the excitement for me.",analysis,Specific structural critique (purposeless dialogue pacing) with direct comparison to another show. More than a hot take — actual reasoning with comparisons.
"I genuinely couldn't give a shit about the animation and music in any anime. If it's good it's good but it will never make or break an anime for me. Story is everything.",hot_take,Bold personal preference stated as ranking with no supporting argument.
"I hate the term battle shonen. Blue Lock deserves respect just like any other action series. The distinction between seinen and shonen is just which magazine they're published in — both can tell the exact same types of stories.",analysis,Specific structural argument about genre labels. Argues battle shonen is a pejorative and that the seinen/shonen distinction is a publishing category not a quality marker.
"Your Lie In April is unbearably bad. Chimera Ant Arc in HxH is one of the weakest arcs of the series. Its insistence on killing momentum by having the narrator overexplain every movement was unbearable to watch.",hot_take,Multiple contrarian opinions. Some reasoning given (overexplaining narrator) but claims mostly asserted. Borderline.
"Taira once again reminds us he's the ultimate villain. Buo's emperor using modern slang is a small detail but adds a lot to the dystopian worldbuilding — representing a future where what is modern now will someday be seen as outdated.",analysis,Identifies specific worldbuilding detail (modern slang in dystopian future) explains its narrative function and connects it to thematic meaning.
"When her band members were anxious Nijika was obviously bummed herself — we can see that with her setting the tempo too slow for the opening song. It's a nice moment where we see behind the curtain of her positivity.",analysis,Points to specific scene detail (tempo too slow) as evidence of hidden character emotion. Connects observable action to internal state. Structured close reading.
"oh my fucking god we are so back and I am SO excited for 10-FEET as the OP absolutely adored their previous work.",reaction,Pure hype reaction to a new OP announcement. No argument.
"I don't think many people would have picked that up in their first watch since they only show the window for a couple of seconds. If you sit and look back on the arc there are a lot of things most people wouldn't recognise at first glance.",analysis,Close reading of a visual detail in HxH with argument about what it reveals about the arc's depth.
"And so we reach the end! I'll dare say this is one of the best Ecchi I've seen. Abikura being neither a pervert nor a clueless MC did wonders for the whole run. Really hope we get a Season 2.",reaction,Series finale reaction post. Notes what worked but primary purpose is expressing enjoyment.
"The Katana is essentially a big heavy cleaver. It's of objectively poorer quality than a European sword. The curve allows it to be drawn while sitting or kneeling which is useful while in the saddle.",analysis,Historical argument with specific mechanical claims about sword design and cavalry use. Verifiable and structured.
"Nope the ones used on horseback were an entirely different blade. Japanese horses were essentially ponies by European/Chinese standards — small slow and easy to spook. Drawing a sword was incredibly dangerous; the shadow of the blade would typically spook the horse.",analysis,Detailed counter-argument with specific historical claims about armor horse breeds and combat conditions. References two specific books as sources.
"For most of history all swords are luxury weapons meant for nobility. Most warriors used polearms. Weapons before mass firearms were adapted farm and hunting tools. Only with professional armies like the Romans do you see more swords.",analysis,Historical argument about weapon economics and social class. Traces logic from levies to professional armies to pike-and-shot.
"I don't like Ami at all in my first watch — she's like this weird girl that makes no sense. Then I rewatch the series and everything changes. She's the most mature girl in the series — she just wants to move things along without bringing attention to herself.",analysis,Character reappraisal with specific argument — Ami's behavior makes sense on rewatch because she operates on a different emotional register. Evidence: her pattern of not drawing attention to herself.
"The first big subverted expectation was Kitagawa's introduction. When she falls toward Gojou we'd expect her to land on top of him in a lewd position but no — she just bashes her head on his desk. No falling boobs first on this show! An archetype doesn't define a character.",analysis,Identifies specific scene as intentional subversion of genre expectations. Makes broader point about archetypes with supporting reasoning.
"It's like a romcom that isn't particularly romantic and also isn't particularly comedic. It's a sweet-and-spicy blend of wholesomeness and innocent excitement of two young people with niche hobbies connecting while also having the occasional mountain of fanservice.",analysis,Genre classification argument — explains why Dress-Up Darling works despite not fitting its genre label cleanly. Identifies specific tension (pure characterization vs pandering visuals).
"Marin's goal isn't to hook up with Gojo and his goal isn't to hook up with her. Dress-Up is less about them as a couple and more about them exploring the world of cosplay together — the romance is more secondary.",analysis,Structural comparison between Dress-Up Darling and KareKano — identifies key difference in what each show is fundamentally about.
"TVtropes defines a MPDG as stunningly attractive energetic high on life full of wacky quirks. All of this perfectly describes Marin whether some YouTuber disagrees or not.",analysis,References specific definition and applies it systematically to a character. Counter-argument to another position.
"I tried to get into AOT but it's such a downer. Things are rough enough right now that watching people get eaten alive or experience trauma over and over just... I went back to Initial D and Bofuri.",reaction,Personal emotional response to AOT — not a critique of quality just how it made them feel. Pure reaction.
"One of the things that makes the first episode stand out is how dynamic the cuts and transitions are. 0:22 — Cherry blossom petal sweeps to cut scenes. 6:13 — A rotating match cut Y-flipping the scene to bring Hikari's shocked reaction in time with their first meeting.",analysis,Timestamped shot-by-shot breakdown of editing techniques (match cuts tracking shots POV). Names specific techniques and explains narrative function. Strong analysis.
"This is the first show this season that really blew away my expectations. The most interesting thing is the teacher as main character — a grown man wanting to study demi-humans for academic reasons instead of a lonely otaku for fetish purposes.",reaction,First-impression reaction post. Notes what surprised them but in service of expressing excitement not building an argument.
"What makes this show interesting is that it is essentially a human interest piece. In this universe demis are a minority group that just want their perspective known to the general public.",analysis,Frames the show's premise through a sociological lens (minority representation public awareness). Specific interpretive argument about what the show is doing thematically.
"I disagree that Inaho had no emotions. The revelation that he was carrying Yuki's note close to his heart the whole time shows he is truly touched by how much his sister cares for him.",analysis,Counter-argument with specific scene as evidence. Argues emotional depth is present but deliberately hidden — a structural claim about the show's design.
"Slaine went through hell for a lot of the season. He watches his beloved princess die on TV in the first episode. By saving Sauzbaum he allowed Sauzbaum to kill Princess Asseylum right in front of him. By killing Inaho and Sauzbaum Slaine is all but dead on the inside.",analysis,Detailed scene-by-scene character arc breakdown connecting specific plot events to internal character state. Long-form structured analysis of Slaine's motivation and downfall.
"I kinda dislike the fact that everyone believes Inaho to be emotionless and boring. The Inaho smile counter that somebody kept track of on the episode discussions shows he has some level of emotion.",hot_take,Pushes back on community consensus but with very light evidence (smile counter). More contrarian opinion than structured argument. Edge case.
"I'd highly recommend it. While on the surface it seems like 80s ultra violence there is actually an extremely deep story of morality perseverance and compassion if you look past the exploding heads.",hot_take,Recommendation with assertion about hidden depth but no specific examples or argument. Extremely deep is claimed not demonstrated.
"The thing I like with A-1 is when they get paid to make crap I can at least tell it's going to be crap. Most of the A-1 shows I've picked up have been easy 7-9s with Anthem of the Heart being in my top 3 anime movies.",hot_take,Studio opinion stated as personal ranking with no structural argument. Lists favorites but doesn't explain what makes A-1 good or bad.
"Great point! Slaine only recognizes Inaho as Orange from that one time they met. Seeing Slaine's facial expressions convinced me entirely that he was acting in character. The sheer torment and confusion was very clear from the art.",reaction,Emotional validation of a character moment. Short and feeling-driven — the art convinced them emotionally not analytically.
"Evangelion is not about breaking the cycle of toxic masculinity. It's about the struggle to form genuine connection in a world almost wholly devoid of love.",hot_take,Contrarian take on a popular interpretation. Bold reframe stated without building a full argument.
"Gendou isn't just Shinji's dad — he is the archetypal father figure who is distant and looks down on his son from afar. All of the stuff about Lillith and Rei being both wives and daughters whores and madonnas was completely new to me.",analysis,Identifies specific archetypal roles and applies them to character relationships. Engages with symbolic structure of the show seriously.
"I think at most I would give Devilman Crybaby an 8/10 because of the pacing issues. Going a little more in depth to the lore and pulling it together with an extra episode or two would have been great. 1000000/10 soundtrack though.",hot_take,Score with brief reasoning but no structured argument. Pacing critique is asserted not demonstrated.
"As a manga reader I was really excited to see this adaptation but what I got was a really badly written show. Everything feels so forced and almost nonsensical like Okuchi took some relevant parts of the manga and mashed them up with really little consistency.",hot_take,Contrarian opinion about Devilman Crybaby adaptation. Criticisms listed but not developed into argument.
"Well I just finished Devilman Crybaby and I am using my nostalgic playlist to calm me down. Its violence transcends simple gore and dismembering! It is subliminal!",reaction,Pure emotional aftermath reaction. Person is processing what they watched.
"Bruh highschool DxD is the best shit since sliced bread. The various factions (angel/fallen angel/demon) are not taken as inherently good or evil but competing parties with their own interests and biases. Several mythologies are incorporated and freely mixed.",analysis,Defends DxD by identifying specific structural features — morally grey factions multi-mythology worldbuilding parental presence. Actual argumentative work despite casual tone.
"Before Ep8 aired I would have been fine with Reki transitioning into a support role. But now after being told explicitly it's a consolation prize for somebody less skilled — it would be absolutely terrible. I trust the show here. The opening has him plummet down a bottomless hole. He'll climb back up.",analysis,Tracks a specific narrative setup (opening imagery foreshadowing) and uses it to argue about character trajectory. Connects visual symbolism to thematic expectation.
"The worldbuilding is lazy and people outside of Paradis are way too xenophobic. Marley treats Eldians better than every other nation. When Marley is the good standard you know everyone else is bordering on Nazi Germany.",hot_take,Bold claim about AoT worldbuilding laziness. Uses one example (Marley standard) but doesn't build a structured argument.
"Hunter x Hunter is overrated. FMAB is great but overrated. The only reason Demon Slayer is worth watching is because it's done by Ufotable.",hot_take,Three separate overrated claims in a row with no supporting reasoning. Classic hot take dumping.
"Koe no Katachi is not a great movie. The story beats aren't connected well characterization is paper-thin and a lot of the story suffers because no character is really well-developed. It's popular because it's a tearjerker.",analysis,Identifies specific structural failures (disconnected story beats thin characterization) and offers an explanation for its popularity despite those failures. More than a hot take.
"Mecha is good and the amount of people who don't watch it or are uninterested in it is criminal. Gundam is among the top anime franchises in Japan for a reason — it's literally their Star Wars.",hot_take,Bold defense of mecha genre but based on popularity/reputation not structural argument.
"Mechas themselves are mostly just the vehicle by which the plot is carried through the setting. The mecha is basically just the way people fight. Mecha has always been about character development first and foremost.",analysis,Makes a specific structural claim about mecha as a genre — that the robots are a narrative vehicle not the point. Uses the character-first argument to explain why genre dismissal is misguided.
"Voice Acting/Voice Actors are not nearly as important as animators music writing cinematography and blocking. People overemphasize the importance of VAs and most of them haven't taken an acting course or understand the language being spoken.",hot_take,Ranking claim stated as fact. Listed reasons are assertions not developed arguments.
"Tower of God is like an anime made by JJ Abrams. All the mystery and style but not much coherent thought on substance. The mysteries are great for pulling people in but I'm skeptical of where the show can go.",hot_take,Movie director comparison used as shorthand for a critique. Interesting framing but the argument isn't developed.
"Slice of life in general is an absolute snooze fest. I enjoyed shows like 3-gatsu and Your Lie in April but even those just felt super boring at times. Also Kaguya-sama is a 7-8/10 anime with 10/10 hype levels.",hot_take,Genre dismissal with minimal reasoning. The Kaguya-sama rating is pure assertion.
"So as anyone else heard the theory that the real story behind Sakamoto is that he is actually dying? In the manga Sakamoto is seen inside a school locker like a corpse in a casket. The Mars migration project was just a lie — Sakamoto himself states it's currently impossible in perhaps his lifetime.",analysis,Constructs a detailed fan theory from specific textual evidence — locker imagery song choice (Der Erlkonig) farewell speech wording author tweet. Multiple specific sources cited for a coherent argument.
"Sakamoto is none other than the Japanese equivalent of Mary Poppins. Nobody knows where he came from. He is described as perfect in every way. He eradicates the source of evil in the school. He possesses faculties no other human is shown to possess. When his job is done he just vanishes.",analysis,Systematic parallel argument between Sakamoto and Mary Poppins. Lists specific matching traits and structural similarities. Well-organized comparative analysis.
"Damn good show. Episodes 1 and 5 will be with me always. Please let the Sakamoto dying theory be wrong.",reaction,Short farewell reaction to a series ending. Pure emotional response.
"No I don't want to get off Sakamoto's Wild Ride. It was a blast from start to finish and I'll miss it greatly. I'm feeling empty inside.",reaction,Classic post-series emptiness reaction. No argument just emotion.
"That shot where he's looking away sadly just KILLED ME at the end.",reaction,One sentence emotional reaction to a specific scene.
"Haruko is kinda like a police officer for a space police organization forced into keeping track of the space pirate Atomsk. She uses Naota's head to achieve this. N.O. channels turn the user's brain into mush and create horns which slowly come out as the robots. The first batch brings out Canti who was taken over by Atomsk as a means to escape.",analysis,Detailed plot summary of FLCL explaining the actual story mechanics (N.O. channels Atomsk Medical Mechanica). Specific causal claims that can be verified against the show.
"In my opinion that's exactly how it's supposed to be. That time in a guy's life is extremely chaotic. Nothing seems to make sense adults are stupid girls are strange and life is just a blur of hormones. I think they established this by having a different art style in every episode.",analysis,Argues that FLCL's chaotic structure is intentional — maps the narrative confusion to the adolescent experience it depicts. Connects specific formal choice (changing art styles) to thematic purpose.
"I have absolutely no idea what the fuck was going on. I get the basics but I feel like a TON of it just went way over my head. I understand the underlying message is Naota's coming of age but the actual plot was what I couldn't get a grasp on.",reaction,Genuine confusion reaction post. Expressing being lost not making an argument.
"I'm sure it's not true and I'm sure some redditor will come in here and explain all the japanese inside jokes and how each scene is a metaphor for this and that. But there's a large part of me that just wants to believe it was about a kid and a scooter girl fighting giant evil robot-thingies with guitars.",reaction,Deliberately resisting analysis — expressing a personal preference for surface-level enjoyment. Emotional stance not an argument.
"The english title Perfect Blue connects the opposing values pressed upon the protagonist Mima. Rumi is opposed to Mima's involvement in the film industry. In her eyes Mima is doing blue work instead of the perfect pop idol work. The title plays with how Mima made her career on both of these values.",analysis,Traces the meaning of the title through a specific character dynamic (Rumi vs Mima) with a clear argument about what the opposing values represent. Sourced from a film class analysis.
"JoJo is a fun series not necessarily critically acclaimed for storytelling. It's like a great pro-wrestling show where nothing makes much sense at times but it's still top tier entertainment when all the parts come together — the visuals voice acting comedy action and wild premise.",analysis,Makes a specific argument about what kind of entertainment JoJo is (pro-wrestling not prestige drama) and uses that framing to explain why standard critical criteria don't apply. Coherent analytical framework.
"Every part of JoJo is radically different from the last. Parts 1 and 4 aren't even comparable — if you didn't know better you'd say they were 2 different series. Every part has something different going for it and it keeps the series fresh. A new part of JoJo is pretty hype because it won't be just another season — it'll be a whole new plot setting and characters.",analysis,Identifies structural diversity across parts as a specific design feature that explains the series' longevity. Makes a causal argument (diversity → freshness → sustained engagement).
"JoJo is so well respected because of how hugely influential it has been to the anime scene. It's historically significant in the same way Dragon Ball is. Stands influenced many series — the big ones off the top of my head are HxH and especially the Persona series. Persona 3 even took the first appearance of Star Platinum grabbing a bullet and ran with that to make evokers as the main summoning mechanic.",analysis,Traces specific influence from JoJo to named series (HxH Persona 3) with a concrete example (evokers from Star Platinum bullet catch). Historical argument with verifiable claims.
"JoJo is my favourite series for one reason: It's pure entertainment through-and-through and completely unapologetic about it. Not every villain in JoJo has some grimdark sympathetic backstory shoehorned in to make them morally ambiguous. JJBA delights in having villains just be psychopathic assholes and wants you to hate their guts. It makes for a much more satisfying beatdown at the end.",analysis,Makes a specific argument about JoJo's villain design philosophy (unambiguously evil = more cathartic) and contrasts it with the modern tendency toward sympathetic backstories. Coherent critical position with reasoning.
"Honestly the first 3 parts are trash compared to the later parts. I say this even though I still love them. The reason why everyone is so extremely hyped for part 4 is because the series gets much better from here.",hot_take,Bold ranking with minimal reasoning. Love them but they're trash is contradictory and unexplained.
"JoJo is a battle shonen at its heart — a protagonist facing baddie of the week until he gets to the final battle. But unlike other long-running shonen the longest battle in JoJo clocked in at just 4 episodes. Other shows have 50-episode long battles with 20-episode flashbacks. JoJo has quick tight-paced stories that don't drag out.",analysis,Compares JoJo's pacing structure to other long-running shonen with a specific metric (episode count per battle). Argues the difference in length explains the difference in reception. Verifiable claim.
"I have absolutely no idea what the fuck was going on in FLCL. I get the basics but a TON of it went way over my head. At the end of the day the Pillows soundtrack really is what made me enjoy it I think.",reaction,Finished-series confusion and enjoyment post. Expressing feelings about the viewing experience not making an argument.
"The write-up on Hyouka's ending was fantastic. It's probably the best summary of the ending I've ever encountered. Wish more people would read this and stop complaining about the lackluster ending.",reaction,Praising someone else's analysis. Expresses agreement and appreciation — no original argument.
"I would argue that Hyouka is about Oreki developing from a passive uncaring hermit-crab to an active empathetic detective. The show demonstrates that the rose-coloured life lies on the inside not on the boring surface of things. Oreki comes to distance himself from his energy-conserving policy because the depths of people he explores expose him to the fact that true excitement lies within the hearts and minds of people.",analysis,Makes a specific character arc argument about Oreki's development. Identifies the thematic claim (rose-colored life is internal) and connects it to specific character behavior changes.
"If Oreki had confessed it would have thrown his conservation attitude right out the window. His development has been towards recognizing his desire not acquiring it. His fake confession was only the first step. He still holds on to his old attitude but shows at the end that he will actively try to walk away from a gray life just like Satoshi and his inferiority problem.",analysis,Defends the ending by explaining why a confession would break character continuity. References a parallel character arc (Satoshi) to support the argument. Structured counter-argument.
"Oreki deciding not to confess is going back to the energy conservation attitude. I get that he doesn't need to confess to show his progression but then why put in the fake-out especially when it hurts the point of what they're trying to show?",hot_take,Critical take on Hyouka's ending with a pointed question but no developed counter-argument or alternative reading.
"Just three episodes in and the supposed MC is already killed off while the story advances ten years featuring a new pair of MCs. Rafal realized he doesn't want to live a life of a lie and instead hopes that someday the truth gets out. Just like in history while Copernicus got it started it took quite a long time before heliocentrism was scientifically proven.",analysis,Episode-by-episode analysis tracking narrative structure and thematic parallels to actual historical events (Copernican Revolution). Connects fictional events to verifiable historical context.
"This probably won't be a super popular anime but quality wise it's one of the best manga I have read. If they adapt this right it's gonna be an amazing piece of work. I hope the big anime channels recommend this more.",hot_take,Short enthusiasm post asserting quality without specific evidence. Pure opinion.
"Overrated: Blue Lock. Underrated: Ao Ashi.",hot_take,Two-word rankings with zero supporting reasoning. Pure opinion dump.
"Frieren's success is due to its sterile incredibly accessible nature. MAL rankings especially nowadays are not due to what things you do right but what things you don't do wrong. No gore or heavy themes. Basic magic system. Generic fantasy world. Simple and easy to follow plot.",analysis,Makes a specific structural argument about why Frieren ranks highly — not quality but inoffensiveness. Lists concrete features as evidence for the accessibility claim.
"I think JJK is pretty overrated.",hot_take,Four words. No reasoning whatsoever.
"Overrated: Jujutsu Kaisen. Sure the anime adaptation is top tier but in terms of story plot and characters this isn't the best that modern shonen has to offer. Underrated: Summertime Render. The plot and animation should have made this show a guaranteed success but it just flew under the radar likely due to Disney+ exclusivity.",hot_take,Two rankings with light reasoning. Disney+ exclusivity is a real point but not developed into an argument.
"Steins Gate is huge. Along with Clannad the biggest anime adaptation of a visual novel ever. That was the show for that generation of anime fans as important as Haruhi Suzumiya Azumanga Daioh and Lucky Star had been to the generation before. It was inescapable.",analysis,Places Steins;Gate in historical context by comparing it to specific shows from the previous generation. Makes a generational impact argument with named comparisons.
"Scott Pilgrim is overrated. This one can't compare with the likes of Paprika Perfect Blue and Black Lagoon. Sex violence and death are taken seriously in these mature animes.",hot_take,Comparison-based dismissal but no argument for why those specific qualities make the comparison shows better.
"Monogatari showed me that just having characters make conversation for 25 minutes straight can ultimately be a lot more engaging than having 6 characters fight for the same amount of time.",analysis,Makes a specific claim about what Monogatari demonstrated — that dialogue-driven narrative can outperform action — and uses it to argue for a broader principle about engagement.
"EVA and End of Evangelion opened up a whole other level of appreciation for art I didn't know existed. It forced me to think deeper than just: do I like this? Hideaki Anno tells us in interviews that fans try to analyse the show too much. This made me question: is his interpretation of his own work more valid than someone else's?",analysis,Raises a genuine interpretive question about authorial intent vs reader interpretation. Uses Anno's own statements as the basis for the philosophical problem. Real analytical thinking.
"Re:Zero made me break up with my girlfriend so I could be with Rem-chan instead. Best decision I've ever made and I've never been happier.",reaction,Jokey reaction post. Pure emotional expression (satirical).
"I mended my strained relationship with my dad and mom because of the infamous episode 18 of Clannad After Story.",reaction,Personal emotional impact statement. No argument just a real-life reaction to a specific episode.
"TTGL showed me that there's nothing standing in my way.",reaction,One sentence inspirational reaction. Pure emotional impact.
"Clannad After Story Angel Beats Welcome to the NHK. I was depressed not quite a hikikomori but not so far. My life literally changed after I saw these anime. Clannad taught me to be always myself a kind person. Angel Beats taught me not to judge other people without knowing them. Welcome to NHK just woke me up.",reaction,Deep personal emotional impact post. Sharing how specific shows affected them during depression. Pure reaction.
"Neon Genesis Evangelion made me much more perceptive and aware of other people's problems and the tendency of a great number of people to suffer in silence for fear of being seen as something negative. It made me more compassionate and understanding towards others.",reaction,Personal impact statement about how EVA changed their empathy. Emotional reflection not analysis.
"Shin Sekai Yori taught me that what is right or wrong is completely arbitrarily made up by humans and that all conflicts have multiple sides with their own reasons that they view as right so you should try to understand all parties before judging a situation.",reaction,Personal lesson extracted from an anime. Emotional and philosophical impact — reaction to the show's themes not an analysis of them.
"Ghost in the Shell shows a perspective on man infused with machine and the perspective seems to be coming true as actual technology progresses. I rarely thought man becomes a machine before I watched the anime. I formerly believed man utilizes technology as a tool not an artificial limb.",reaction,Personal worldview shift attributed to Ghost in the Shell. Reflective but expressing how it affected them not making an analytical argument about the show.
"It wasn't Naruto or DBZ or Inuyasha that made me the person I am today — it was Lucky Star. Something about Konata's way of life spoke to 12-year-old me and made me want to be just like her. Having been inspired by her passion for anime I delved into my hobbies with more vigor than ever before.",reaction,Personal gateway story. Emotional and nostalgic — about personal impact not critical argument.
"BLEACH. It's not by any means the best anime I've ever watched but it is the show with the most meaning to my life. I was into every single thing — the lore the music the art direction the color choices the mythological base the attachment to Shintoism. It changed my perception of Japan. 12 years later I was studying abroad in Japan headed back to work as a graphic designer.",reaction,Personal life-change story tied to Bleach. Long and detailed but the primary purpose is sharing an emotional and biographical impact not making a critical argument.
"Overrated: No Game No Life. Underrated: ID:INVADED.",hot_take,Two rankings with zero reasoning. Pure opinion.
"SAO is somehow both overrated and underrated imo.",hot_take,Single sentence meta-opinion. No reasoning provided.
"I thought JJK was OK but it kinda got boring towards the end of season 2. It's not that it was bad bad but just wasn't for me.",reaction,Short personal experience reaction. Expressing a viewing experience not making an argument.
"You're not alone the post-AoT depression is real. I genuinely don't think there's an anime that can match up against AoT as a complete package experience. It's a show that the more you think about and analyze the better and better it gets and it resonates with me in a lot of ways.",hot_take,Bold claim that AoT is unmatched as a complete anime experience. Stated with conviction but no supporting argument for why it beats other shows.
"I watched the entirety of AOT for the first time last August then the finale in November. It's been four months and I still think about AOT daily. Hyperfixations are fun but I swear to god they can be crippling sometimes lol.",reaction,Classic post-series obsession reaction. Expressing emotional state not making an argument.
"Finished AoT last night after binge watching the entire show in a week. I've felt unbelievably emotional today at work. Armin Eren and Mikasa just wanting to live together in peace but the world is just too cruel to let that happen. I definitely have the feeling of heartbreak and loss.",reaction,Fresh finish reaction. Pure emotional aftermath — specific characters named in service of expressing grief not argument.
"Full disclosure I don't like some of the writing and the ending altogether. But you have to admit that Isayama has this special ingredient while creating characters which makes them very real and you can't help but to bond with them. Maybe this is why you still feel devastated after the finale. It's all very humane.",analysis,Identifies a specific craft element (character humanization) as the explanation for audience devastation. Makes a causal argument connecting Isayama's character writing to emotional impact.
"Some says that AoT is Mikasa's story seen through Eren's eyes narrated by Armin. Although it's debatable it makes you see the show in a new perspective.",hot_take,Interesting reframe of the show's narrative structure but stated without supporting argument. Just proposing the idea.
"There wasn't a moment in this show not a finger lifted that wasn't on purpose. From the beginning of the story they know exactly where they are going. It is tragically beautiful. Everything else I watch I must remind myself to lower my expectations.",reaction,Strong personal reaction to AoT's intentionality. Expresses how it affected their viewing of other shows — emotional not analytical.
"I was like this for 2 weeks post-AOT. I questioned and analysed Eren and Zeke from every page I could find. Came to this sub. Texted friends. It was a good ride. Thank you Isayama.",reaction,Post-series processing reaction. Sharing the emotional aftermath experience.
"i had the same experience but its gone already thank gods cuz i could stop thinking about time universe how life works. THAT BOY GOING INTO THIS TREE WHERE ERENS GRAVE WAS FAWK I COULDNT STOP THINKING ABOUT IT FOR DAYS!!!!",reaction,Caps-lock emotional reaction to a specific final scene. Pure unfiltered feeling.
"I feel like AoT completely changed my perspective on other people. I realized that other people we see as enemies are just other people striving to live just like we are. It really opened my mind to other people's potential struggles. It also reminded me that history is written by the victors.",reaction,Personal worldview shift attributed to AoT. Sharing emotional and philosophical impact — not analyzing the show itself.
"I started watching the show for the first time in February and finished it in less than two weeks and since then I have been in an AOT haze watching so many related youtube videos listening to the OST nonstop. Re-entering the anime world with AOT is rekindling my love for anime and even though I don't think anything else will live up to the masterpiece that is AOT I am excited to explore other shows soon.",reaction,Classic post-series hyperfixation reaction post. Expressing emotional state and excitement — pure reaction.
"I recommend a rewatch at some point. The amount of foreshadowing is absolutely insane as well as set up and payoffs. One of my favorites is when Armin is about to tell Reiner who he thinks the female Titan is only to be saved by Historia.",analysis,Points to a specific scene as evidence of the show's foreshadowing density. Makes a concrete argument for why rewatch value is high with a named example.
"When Armin was in the paths screaming at his own unconscious body to wake up I don't know why but that scene really broke me into tears. It was just so raw.",reaction,Specific scene reaction. Pure emotional response to a single moment.
"I have struggled with addiction for many years of my life. In my mind doing drugs was a way to escape my own reality. Over time my drug use gradually turned into full on dependency. I suddenly became a slave to my own definition of what freedom was. To me this is very parallel to Eren's sense of freedom eventually enslaving him. Chasing the freedom we so desperately yearned for is what actually took it away from us.",reaction,Personal parallel between own addiction and Eren's arc. Deeply personal emotional reaction — sharing lived experience not analyzing the show.
"Man I felt exactly the same. For the first couple of days after finishing the show I was confused and thinking all the time about it feeling sad about the ending really didn't know what to do. Eventually after some days this feeling passed. Don't cry because it's over smile because it happened.",reaction,Post-series emotional processing reaction. Sharing the grief arc and offering comfort to another viewer.
"Tropes aren't necessarily bad but over-relying on them in the place of actual character writing is ruining anime. If 90% of a character's personality derives from the trope they're an example of that's just bad writing. The unrealistically innocent clumsy socially awkward childish girl trope isn't cute or funny it's weird and needs to die.",hot_take,Bold opinion about trope overuse stated confidently. Some reasoning given (90% rule) but not developed into a structured argument.
"I love Tokyo Revengers but if you think about any of its aspects for a little bit it all falls apart. Where are the parents? Why aren't the police present at huge gang fights in daylight? How can a 15 year old kid have so much influence that he controls 150 people? A 15 year old however buff cannot kick this hard with so much precision without years of training.",analysis,Lists specific logical inconsistencies with named examples (police absence parental absence physical impossibility). Uses martial arts expertise to make a credible claim. Structured critique with verifiable points.
"Tokyo Revengers is too boring for me. I hate the protagonist. I feel like people find that anime good because of the side characters. It's pretty overrated.",hot_take,Short dismissal with minimal reasoning. Overrated claim not supported.
"I would rather watch Erased 100 times than continue watching Tokyo Revengers.",hot_take,Hyperbolic preference statement. No argument just strong distaste.
"You can't defend the protagonist — he's just awful. And both the time travel element and the story are not thought out at all. It has so many problems that you just CANNOT think during the show and enjoy it. I've read the manga too and it just gets worse.",hot_take,Harsh dismissal with some reasoning (time travel logic story problems) but none developed into argument. Contrarian opinion stated forcefully.
"After watching Re:Zero I feel OPs and EDs can go away especially for shows with a lot of world building and story elements. Like cool the songs are good but it takes time away from the actual show.",hot_take,Bold opinion about anime format — OPs and EDs waste runtime. Stated without structural argument.
"There's nothing wrong with having a popular mainstream anime as your favorite anime. You don't have to go through a lot of different shows to prove that you have seen enough anime to justify that opinion.",hot_take,Opinion about anime gatekeeping stated as fact. No argument built.
"Sword Art Online isn't a perfect anime but a lot of the complaints are blown out of proportion.",hot_take,Contrarian take on SAO discourse with no supporting evidence.
"Sword Art Online isn't about the SAO game — it's about the possibilities of virtual reality and how far it can go.",hot_take,Reframe of SAO's core subject matter stated without argument.
"Binging is one of the worst ways to watch anime in a lot of cases. You shouldn't expect a Slice of Life series to be gripping for a 10+ episode binge. Take it slow — savor the atmosphere and give yourself time to process and build a connection with a show.",hot_take,Bold claim about the optimal way to consume anime. States a view without building an argument for why binging specifically damages the experience vs watching weekly.
"Clannad is terrible. I watched all of it and honestly wish I hadn't. Code Geass is more of a trashy guilty pleasure show than it is a masterpiece. I like the mecha genre and don't get the hate.",hot_take,Multiple contrarian opinions stated in sequence with no supporting reasoning.
"Ufotable doesn't blend their 2D characters with their 3D environments well at all. Ever since they started using 3D backgrounds in every action scene their shows have suffered visually. Nothing they've made recently looks nearly as good as KnK.",analysis,Makes a specific visual critique (2D/3D blending failure) identifies when the problem started (shift to 3D backgrounds) and names a specific counterexample (Kara no Kyoukai). Concrete comparative argument.
"It's better to watch Fate/Zero before beginning the main Fate series. UBW has so many references to Zero that it would be completely wasted to watch UBW without knowing what happened in Zero. The way HF was done basically means you need to see Fate/Zero beforehand or otherwise a lot of things are lost.",analysis,Makes a specific argument about watch order based on narrative dependency — references and HF comprehension require prior Zero knowledge. Specific reasoning tied to story structure.
"No show is OVERRATED. You simply don't enjoy it the same way others do and that's fine. Shows don't need to have super complex storylines or deep characters to be good because maybe that's not what others look for.",hot_take,Meta-take on the concept of overrated. Bold claim stated without philosophical argument for why relative enjoyment eliminates the concept of overrating.
"The thing I missed most from earlier days of anime is futuristic sci-fi shows that dig deep into humanity like Ghost in the Shell or Psycho-Pass. I can't remember anyone trying out these topics over the past 5 years with any kind of success. 2010s web-novel-based isekai shows are unlikely to have any storytelling breakthroughs until some first-rate directors try an anime-original isekai title.",analysis,Identifies a genre gap (serious sci-fi) explains why it exists (no anime-original isekai attempts by top directors) and makes a prediction based on that structural reasoning. Specific shows named as benchmarks.
"The Sisters arc in Railgun is the highlight of the entire Toaru anime franchise and the reason Railgun should be watched before Index.",hot_take,Bold ranking claim and watch order recommendation stated without supporting argument.
"People care way too much about seasonals.",hot_take,One sentence opinion with no reasoning.
"Masaki Yuasa is FAR BETTER than Satoshi Kon.",hot_take,Bold director comparison with no supporting argument. Pure assertion.
"Jujutsu Kaisen has nothing special to it besides being cool looking at times.",hot_take,Dismissive one-line opinion. No reasoning provided.
"Bocchi was just plain decent if not a little good. Like 6 or 7 out of 10.",hot_take,Contrarian score on a beloved show with no explanation for the rating.
"Cowboy Bebop is insanely overrated. Cut out the nostalgia and you're left with a story that is average at best.",hot_take,Bold dismissal with nostalgia as the only explanation offered. No argument for why the story is average.
"The slapstick tsundere humor ruined Your Lie in April for me. The constant physical abuse being played up as comedy didn't sit well with me. I dislike it as a whole and look at it as an example of how not to tell a story.",hot_take,Personal taste stated as critical verdict. Doesn't build an argument for why comedy undercuts the drama specifically.
"A significant part of Full Metal Alchemist Brotherhood's high rating is due to it being essentially the first anime to receive a good English dub. Also probably the fact that it was a complete adaptation without anime original ending or fillers.",analysis,Two specific structural explanations for Brotherhood's ratings — dub quality and complete adaptation. Makes causal claims that can be evaluated.
"Darling in the Franxx was better than Evangelion. It took releasing the director's cut of the last four episodes and a movie to save Evangelion. The last few episodes of Darling felt rushed but they coherently tied everything up in a bittersweet but fitting ending.",hot_take,Contrarian comparison with minimal supporting argument. The point about Evangelion needing fixes is the only reasoning offered.
"Anohana is trash. Absolute garbage. HxH is overrated. Not bad just overrated. Darling in the Franxx wasn't great but I thought it was a more enjoyable watch than Evangelion.",hot_take,Multiple blunt dismissals in sequence with zero reasoning. Pure opinion dumping.
"Part 5 of JoJo's isn't as good as people make it out to be. Parts 3 4 and 5 essentially follow the same path of chasing the bad guy while encountering henchman stand users who are on the brink of winning but one of the main characters pulls off an impossible comeback. I dislike how Hamon essentially just became irrelevant.",analysis,Identifies a structural repetition across three parts (same narrative formula) and a specific loss (Hamon's irrelevance). Makes a pattern-based argument not just a preference statement.
"Steins Gate goes from an interesting take on time travel at the beginning to absolutely generic and predictable and does not deserve the praise it gets especially from those that claim the first part was too slow. The only reason I was able to finish it was the characters are funny and their interactions are well done.",hot_take,Contrarian take on Steins;Gate. Notes a structural shift (interesting to generic) but doesn't develop why it becomes generic. Mostly assertion.
"Dragon Ball is overrated. JJK is nowhere near dragon ball level. It is just action action everyone is dead finished. Dragon Ball had something to root for plus the fights are great.",hot_take,Comparison-based opinion with very light reasoning. Dragon Ball defense (something to root for) is asserted not argued.
"I think part of the ratings for Dragon Ball take into consideration what it did alongside what it is. The now ubiquitous shonen battle tournament was basically created by Dragon Ball. Historical significance is part of how we evaluate these things.",analysis,Makes a specific historical claim (Dragon Ball invented the tournament arc) and argues that historical impact legitimately factors into ratings. Structured argument about how we evaluate influential works.
"Dumbing down a genre-defining show to just nostalgia for its impact is a really bad take. Sure other shows have improved on the formula but ignoring the impact a show had is naive. The influence Tolkien had on fantasy is the best example — you can't find fantasy that has no influence from it.",analysis,Makes an argument about how we should evaluate historically influential works using a cross-medium analogy (Tolkien/LOTR). Argues that impact is not reducible to nostalgia. Structured counter-argument.
"I find no point in watching Dragon Ball after Z. One Piece needs to stop. So does Naruto. Live action Death Note was a mistake and a great example of why live action anime is a waste of effort.",hot_take,Multiple strong opinions in sequence with minimal reasoning. Classic opinion dump.
"Attack on Titan is better than Fullmetal Alchemist Brotherhood. I feel this opinion will be more popular once Season 4 is animated.",hot_take,Bold ranking claim stated confidently with no supporting argument.
"Kaguya Love Is War is garbage.",hot_take,Four words. Zero reasoning.
"I did not like Cowboy Bebop. I dropped it when the kid with red hair appeared.",reaction,Personal viewing experience — dropped the show. Expressing a reaction not making a critical argument.
"Sakamoto funnily enough his name means One who Lives which means the name hinted at this the WHOLE TIME!!!",reaction,Emotional discovery reaction — exclamation marks and shock. No argument just surprise at the name meaning.
"The candle that burns twice as bright lasts half as long I guess.",reaction,Poetic emotional response to the dying Sakamoto theory. Pure feeling expressed through a quote.
"SAKAMOTO-KUN!!!! This actually makes a lot of sense. I hope it's not true but at the same time it makes far too much sense. It kinda reminds me of Your Lie in April. That theory also explains why he ignores the advances of all the girls in his class because he would know that he's not going to be here long.",reaction,Emotional reaction to a fan theory. The shock and sadness are the primary purpose — analytical observation in service of emotional response.
"Having very recently watched Your Lie in April this theory gave me PTSD.",reaction,Short emotional reaction comparing the emotional impact of two shows. Pure feeling.
"Man that is a dark twist.",reaction,Three word emotional reaction. Pure response.
"Fuck this theory. My theory is that he is going to another school to fix up their hooligans. He does this year to year going to different schools to fix them up.",reaction,Defensive emotional rejection of a sad theory followed by a happier counter-theory. Emotionally driven not analytical.
"I cannot unread this.",reaction,Four word emotional reaction to the dying Sakamoto theory.
"This is a really solid theory and I could see it being true but I'm stuck on a few things. How can he do all the things he does if he's dying? He just seems too healthy. Look at him in PE class running on the track. Why is Sakamoto so oblivious? The Erlkonig reference could be a hint in regards to the supernatural not just about death. The other thing this theory doesn't encompass is Fukase-san's presence.",analysis,Systematic counter-argument to the dying Sakamoto theory. Lists specific plot points as evidence against (physical health PE performance Erlkonig's supernatural meaning Fukase's role). Structured analytical pushback.
"What I'm wondering is whether the rumor the teacher confirmed is 1) Sakamoto going overseas to NASA or 2) he is dying. I'm going with option 2 and if that were the case the students knew his speech about Mars was fake and as a way to see him off they interrupted with a pie fight so he can leave fabulously like he always has.",analysis,Interprets a specific ambiguous narrative moment (the rumor) and argues for one reading based on character behavior (the pie fight as farewell). Evidence-based interpretive argument.
"I accidentally read a spoiler on r/manga for this ending. I was expecting him to die at any point throughout the episode. Much happier it ended like this rather than something like that.",reaction,Relief reaction after finishing with lower expectations set by a spoiler. Pure emotional response.
"That reasoning would nicely explain the missing puzzles and it does make sense overall. The anime itself doesn't provide us with any hard evidence so I wouldn't wanna be biased by your theory though that locker as a casket reference from manga seems pretty convincing.",reaction,Cautious emotional engagement with a fan theory. Expressing fascination and reluctance to be convinced — feeling-driven not analytical.
"I like to think that he is going overseas not for NASA but for a cure to his disease.",reaction,Short alternative interpretation stated as personal preference. Emotional coping with a sad theory not an argument.
"Absolute Cinema. So basically the anime is just another one of Ame/KAngel's possible endings? I absolutely love it. As someone who has played the game it felt like I just unlocked another route. They even used the blue screen like in the game!",reaction,Excited episode reaction from a game player. Pure emotional enthusiasm about a narrative reveal.
"Secret ending unlocked for real. An ending added outside of the game into the anime was chef's kiss.",reaction,Short excited reaction to the finale's game-reference twist. Pure emotion.
"Seeing Dark Angel is so unnerving. Kept thinking she might crash out and ruin the happy ending at any moment.",reaction,Anxious suspense reaction while watching the finale. Expressing fear about the ending.
"Yeah seeing Dark Angel show up at the end scared me for a second there. I thought we were gonna get rug pulled into a downer ending.",reaction,Episode tension reaction. Pure emotional response to a plot scare.
"I got so worried seeing Dark KAngel at the end! Thankfully we didn't get a sudden happy ending override.",reaction,Relief reaction after a tense moment. Emotional exhale.
"This was an awesome final episode! What a journey this anime was and I'm glad to have experienced it. I saw online some didn't want an anime like this to have a happy ending but I'm glad it did. The part with KAngel going to that lonely otaku's apartment and taking him on a bike ride by the ocean made me tear up.",reaction,Warm series finale reaction. Expressing gratitude joy and emotional moments — pure reaction.
"After episode 1 I would never guess this show would actually have anything resembling a happy ending. But here we are.",reaction,Surprised reaction to the finale's tone. Expressing shock at the narrative payoff.
"This show is definitely going to go down in my list as one show I fucking loved but cannot recommend. It is honestly too weird to exist. And yet it exists anyway. Goddamn shoot that shit straight into my veins.",reaction,Passionate love-it-can't-explain-it reaction. Pure emotional response to a bizarre show.
"Even though there were plenty of parts that still confuse me this wasn't an anime where I was powering through to the end. It's the kind of show where I was fascinated but if asked why I wouldn't know how to give a thorough answer.",reaction,Honest post-series emotional response — fascinated but confused. Expressing a feeling not making an argument.
"I'll be honest I loved the anime and every episode but I'll be damned if I understand it. I basically watch the episode and hop onto reddit for the interpretation. 10/10 would watch again.",reaction,Funny honest reaction admitting confusion but expressing love for the show anyway.
"I can't believe it. That last minute thirty was one of the most interesting endings I've seen.",reaction,Surprised emotional reaction to a finale scene. Pure wonder.
"What a beautiful show.",reaction,Three word emotional verdict. Pure feeling.
"Anime needs more bold and unique series like this.",reaction,Short emotional endorsement. Expressing admiration without argument.
"This anime was already goated with its avant-garde denpa style and trippy symbolism. But Nyalra bringing KOTOKO back really shot up my likeness for it. 10/10 from me.",reaction,Score-plus-feeling finale reaction. Expressing enthusiasm about specific elements (KOTOKO return) in service of rating not argument.
